seller_id,seller_name,seller_link
116392,Đồ chơi giáo dục thông minh,https://tiki.vn/cua-hang/do-choi-giao-duc-thong-minh
218516,Retro21,https://tiki.vn/cua-hang/retro21
872,Mọt sách Mogu,https://tiki.vn/cua-hang/mot-sach-mogu
264593,Tí Tởn Shop Đồ gia dụng,https://tiki.vn/cua-hang/ti-ton-shop-do-gia-dung
51555,Văn phòng phẩm Hai K,https://tiki.vn/cua-hang/van-phong-pham-hai-k
813,Châu An Phát Shop,https://tiki.vn/cua-hang/chau-an-phat-shop
279775,thutrang34,https://tiki.vn/cua-hang/thutrang34
291069,RUBY2,https://tiki.vn/cua-hang/ruby2
25133,Pandabooks Hiệu Sách,https://tiki.vn/cua-hang/pandabooks-hieu-sach
67940,KHO SÁCH PDCA,https://tiki.vn/cua-hang/kho-sach-pdca
305941,Hỗ Trợ Phát Triển Giáo Dục Cửu Long,https://tiki.vn/cua-hang/ho-tro-phat-trien-giao-duc-cuu-long
145228,Play With Me,https://tiki.vn/cua-hang/play-with-me
282800,KEN SHOPP,https://tiki.vn/cua-hang/ken-shopp
275606,SÁCH TRÍ TUỆ,https://tiki.vn/cua-hang/sach-tri-tue
61383,XuXuBook,https://tiki.vn/cua-hang/xuxubook
336096,Tiệm sách Úp Cheng,https://tiki.vn/cua-hang/tiem-sach-up-cheng
171392,Vpp Uyên Loan,https://tiki.vn/cua-hang/vpp-uyen-loan
73105,PACE Books,https://tiki.vn/cua-hang/pace-books
327938,BOOK SAI GON,https://tiki.vn/cua-hang/book-sai-gon
15583,NhatPham0356,https://tiki.vn/cua-hang/nhatpham0356
148711,SmartHome9x,https://tiki.vn/cua-hang/smarthome9x
285561,JINHOME,https://tiki.vn/cua-hang/jinhome
510,WTBOOKS,https://tiki.vn/cua-hang/wtbooks
127920,1980 BOOKS HCM,https://tiki.vn/cua-hang/1980-books-hcm
2987,Tiệc Xinh,https://tiki.vn/cua-hang/tiecxinh360
16979,GOLD BOOKS,https://tiki.vn/cua-hang/gold-books
271188,VPP PHAN GIA,https://tiki.vn/cua-hang/vpp-phan-gia
137344,The King of Books,https://tiki.vn/cua-hang/the-king-of-books
308250,thảo linh kiện,https://tiki.vn/cua-hang/thao-linh-kien
128139,VPP Thiên Phúc,https://tiki.vn/cua-hang/vpp-thien-phuc
108905,Edmicro,https://tiki.vn/cua-hang/edmicro
203415,Gia Dụng Quốc Thịnh,https://tiki.vn/cua-hang/gia-dung-quoc-thinh
329374,HN COMPUTER,https://tiki.vn/cua-hang/hn-computer
242408,TheChangmi,https://tiki.vn/cua-hang/mckids-chuyen-sach-thieu-nhi
164395,Trạm đọc,https://tiki.vn/cua-hang/tram-doc
110426,Tủ sách Hoa Hướng Dương,https://tiki.vn/cua-hang/tu-sach-hoa-huong-duong
47795,MHbooks,https://tiki.vn/cua-hang/mhbooks
326683,FishingBook,https://tiki.vn/cua-hang/fishingbook
298948,ZuBu Shop,https://tiki.vn/cua-hang/zubu-shop
236714,Luciostore,https://tiki.vn/cua-hang/luciostore
265811,NT Bookstore,https://tiki.vn/cua-hang/nt-bookstore
341564,Cửa Hàng Gia Dụng PHÁT PHÚC,https://tiki.vn/cua-hang/cua-hang-gia-dung-phat-phuc
156093,TDBOOK,https://tiki.vn/cua-hang/tdbook
189565,Nhà Xuất Bản Trẻ,https://tiki.vn/cua-hang/nha-xuat-ban-tre
64160,Công Nghệ July,https://tiki.vn/cua-hang/cong-nghe-july
334440,SEA BOOKS,https://tiki.vn/cua-hang/sea-books
158247,Nhà Sách Hoa Sen,https://tiki.vn/cua-hang/nha-sach-hoa-sen
238693,Kho hàng Phú Lợi,https://tiki.vn/cua-hang/kho-hang-phu-loi
214282,siêu thi gia dung tien ich Manh Van,https://tiki.vn/cua-hang/sieu-thi-gia-dung-tien-ich-manh-van
88184,S2 shop,https://tiki.vn/cua-hang/s2-shop
126688,info book,https://tiki.vn/cua-hang/info-book
105,LATA OFFICIAL,https://tiki.vn/cua-hang/lata
208994,Changsbook,https://tiki.vn/cua-hang/changsbook
224750,DunCan97,https://tiki.vn/cua-hang/duncan97
97533,Nhà Sách Vĩnh Thụy,https://tiki.vn/cua-hang/nha-sach-vinh-thuy
154578,Diễn đàn Yoga,https://tiki.vn/cua-hang/dien-dan-yoga
130987,Moonshine Shop,https://tiki.vn/cua-hang/moonshine-shop
2953,GIVER Books,https://tiki.vn/cua-hang/giver-books
58166,Bột Nặn Lúa Mì Lumisa,https://tiki.vn/cua-hang/bot-nan-lua-mi-lumisa
49701,Tâm Trí Lực,https://tiki.vn/cua-hang/tam-tri-luc
248502,Cua Đồng,https://tiki.vn/cua-hang/cua-dong
47548,Nhà sách Chi An,https://tiki.vn/cua-hang/nha-sach-chi-an
140393,Nhà Sách Dân Tiếng Trung,https://tiki.vn/cua-hang/nha-sach-dan-tieng-trung
174974,MIMI20 SHOP,https://tiki.vn/cua-hang/mimi20-shop
171251,Nhà Sách Nam MeKong,https://tiki.vn/cua-hang/nha-sach-nam-mekong
292504,Bách Hóa Gia Dụng Online2,https://tiki.vn/cua-hang/bach-hoa-gia-dung-online2
60209,VBooks,https://tiki.vn/cua-hang/vbooks
57167,Nhà sách NetaBooks,https://tiki.vn/cua-hang/nha-sach-netabooks
46,Chính Thông,https://tiki.vn/cua-hang/nhasachhoasen
133533,EVI STORE,https://tiki.vn/cua-hang/evi-store
17480,Ghế Nam Việt,https://tiki.vn/cua-hang/ghe-nam-viet
272162,Sách TKBooks ,https://tiki.vn/cua-hang/sach-mcbook
54507,BOOKCITY.VN,https://tiki.vn/cua-hang/bookcity-vn
329759,TT Learning,https://tiki.vn/cua-hang/tt-learning
188779,Sáng Tạo Trẻ,https://tiki.vn/cua-hang/sang-tao-tre
20367,VI TÍNH NAM TRUNG HẢI,https://tiki.vn/cua-hang/vi-tinh-nam-trung-hai
281062,Bamboo Books,https://tiki.vn/cua-hang/bamboo-books
131238,Tổng Kho MB,https://tiki.vn/cua-hang/tong-kho-mb
279977,Tiệm sách Minh Hằng,https://tiki.vn/cua-hang/tiem-sach-minh-hang
159932,Hodico,https://tiki.vn/cua-hang/hodico
64561,Thiên Long Official Store,https://tiki.vn/cua-hang/thien-long-official-store
338624,Ngôi Nhà Hiện Đại,https://tiki.vn/cua-hang/ngoi-nha-hien-dai
2918,First News,https://tiki.vn/cua-hang/first-news
166194,Daisanbooks,https://tiki.vn/cua-hang/daisanbooks
7049,Muki,https://tiki.vn/cua-hang/muki
203036,Bum Bum House,https://tiki.vn/cua-hang/bum-bum-house
298816,Mỹ phẩm Trinh Store,https://tiki.vn/cua-hang/my-pham-trinh-store
27525,Diệp Linh,https://tiki.vn/cua-hang/diep-linh
247980,Văn Phòng Phẩm V20 Hà Nội,https://tiki.vn/cua-hang/van-phong-pham-v20-ha-noi
117494,Ánh Dương Bookstore,https://tiki.vn/cua-hang/anh-duong-bookstore
127989,Times Books,https://tiki.vn/cua-hang/times-books
305574,Gia Dụng Ngôi Nhà Xanh,https://tiki.vn/cua-hang/gia-dung-ngoi-nha-xanh
6350,WooBoBooks,https://tiki.vn/cua-hang/woobobooks
201101,TIẾN PHÁT STORE,https://tiki.vn/cua-hang/tien-phat-store
302309,Đào Tạo Tin Học,https://tiki.vn/cua-hang/dao-tao-tin-hoc
239039,Gia Dụng Đăng Khôi,https://tiki.vn/cua-hang/gia-dung-dang-khoi
2704,Nhà Xuất Bản Phụ Nữ Việt Nam,https://tiki.vn/cua-hang/nha-xuat-ban-phu-nu-viet-nam
327710,Nhà Sách Khai Minh,https://tiki.vn/cua-hang/nha-sach-khai-minh
277908,The Present Writer,https://tiki.vn/cua-hang/the-present-writer
292852,Phụ kiện văn phòng Mega,https://tiki.vn/cua-hang/phu-kien-van-phong-mega
199916,VLC6 Store,https://tiki.vn/cua-hang/vlc6-store
255104,BizbooksJSC,https://tiki.vn/cua-hang/bizbooksjsc
127914,HAPPY BABY BOOKS,https://tiki.vn/cua-hang/happy-baby-books
60843,PLM Trading,https://tiki.vn/cua-hang/plm-trading
10984,Minhhabooks,https://tiki.vn/cua-hang/minhhabooks
150,Văn Lang Official Store,https://tiki.vn/cua-hang/van-lang
308571,ATP Book,https://tiki.vn/cua-hang/atp-book
151027,Ngocmaibook,https://tiki.vn/cua-hang/ngocmaibook
291075,shop đồ chơi công nghệ mới,https://tiki.vn/cua-hang/shop-do-choi-cong-nghe-moi
288124,MCB Chumsachhoitu,https://tiki.vn/cua-hang/mcb-chumsachhoitu
267978,RIN,https://tiki.vn/cua-hang/rin
190089,Mộc Nhiên Kids Store,https://tiki.vn/cua-hang/moc-nhien-kids-store
179476,VPP Sài Gòn Vina,https://tiki.vn/cua-hang/vpp-sai-gon-vina
37,Nhà Sách Lao Động,https://tiki.vn/cua-hang/nha-sach-lao-dong
215592,Book Hunter,https://tiki.vn/cua-hang/cong-ty-tnhh-lyceum
14168,WABOOKS,https://tiki.vn/cua-hang/wabooks-sach-nhat-ban
210077,smartsell3,https://tiki.vn/cua-hang/smartsell3
253489,Nhuagiadungso1,https://tiki.vn/cua-hang/nhuagiadungso1
129570,Nhà Sách Minh Đức,https://tiki.vn/cua-hang/nha-sach-minh-duc
243183,Korichi Official,https://tiki.vn/cua-hang/korichi-official
113077,muasam 247,https://tiki.vn/cua-hang/muasam-247
256451,GIA DỤNG MINH CHÚC,https://tiki.vn/cua-hang/gia-dung-minh-chuc
9153,Tiệm Sách Cá Heo,https://tiki.vn/cua-hang/tiem-sach-ca-heo
31353,NXB TỔNG HỢP,https://tiki.vn/cua-hang/nxb-tong-hop
161336,BabyFace Shop,https://tiki.vn/cua-hang/babyface-shop
344165,Bách Hóa Hồng Hạnh 2009,https://tiki.vn/cua-hang/bach-hoa-hong-hanh-2009
169148,Zenbooks Official ,https://tiki.vn/cua-hang/zenbooks-official
68906,Nhà sách Có Đủ Cả,https://tiki.vn/cua-hang/nha-sach-co-du-ca
132725,Lovebooks,https://tiki.vn/cua-hang/lovebooks
57222,Anbert Manga Shop,https://tiki.vn/cua-hang/anbert-manga-shop
6034,TÍN NGHĨA,https://tiki.vn/cua-hang/tin-nghia
155225,BOOKS AND LIFE,https://tiki.vn/cua-hang/books-and-life
271314,CUỐI TUẦN,https://tiki.vn/cua-hang/cuoi-tuan
178049,Bùi Thị Anh,https://tiki.vn/cua-hang/bui-thi-anh
59003,Chiemtinhtaichinh,https://tiki.vn/cua-hang/chiemtinhtaichinh
34746,Nhà Sách Đinh Lễ,https://tiki.vn/cua-hang/nha-sach-dinh-le
302034,Acimex Books,https://tiki.vn/cua-hang/acimex-books
263994,Taurus 1987,https://tiki.vn/cua-hang/taurus-1987
167545,Kho hàng Hạnh Phạm SG,https://tiki.vn/cua-hang/kho-hang-hanh-pham-sg
116189,Chinh Phục Hạnh Phúc,https://tiki.vn/cua-hang/chinh-phuc-hanh-phuc
97441,Luckky Shop,https://tiki.vn/cua-hang/luckky-shop
2080,Ecoblader,https://tiki.vn/cua-hang/ecoblader
223928,BÌNH BÁN BOOK,https://tiki.vn/cua-hang/binh-ban-book
276152,Nicebooks,https://tiki.vn/cua-hang/nicebooks
10872,Spiderum Store,https://tiki.vn/cua-hang/spiderum-store
246808,VPP LÂM KHANG,https://tiki.vn/cua-hang/vpp-lam-khang
151141,BÀO NGƯ,https://tiki.vn/cua-hang/bao-ngu
119930,Nhà Xuất Bản Kim Đồng,https://tiki.vn/cua-hang/nha-xuat-ban-kim-dong
180143,Evi store - Thiên Long,https://tiki.vn/cua-hang/evi-store-thien-long
86720,Trao Tri thức Gặt Niềm tin,https://tiki.vn/cua-hang/bookmall
260511,MCBooks Hạnh Phúc,https://tiki.vn/cua-hang/bizbooks-h
7247,Alpha Books Official,https://tiki.vn/cua-hang/alphabooks-official
362,Công nghệ Song Tín,https://tiki.vn/cua-hang/cong-nghe-song-tin
128392,trituepk,https://tiki.vn/cua-hang/trituepk
179484,Huy Hoang Bookstore,https://tiki.vn/cua-hang/huy-hoang-bookstore
236693,Nano Store,https://tiki.vn/cua-hang/nano-store
12696,Blue Horizon Books,https://tiki.vn/cua-hang/blue-horizon-books
76796,Vietstore24h,https://tiki.vn/cua-hang/vietstore24h
47892,MonoShopVN,https://tiki.vn/cua-hang/monoshopvn
141792,Shop Mạnh Tiến,https://tiki.vn/cua-hang/shop-manh-tien
47545,Nhà sách Minh Tâm,https://tiki.vn/cua-hang/nha-sach-minh-tam
300312,Hiệu sách Nhóc Miko,https://tiki.vn/cua-hang/hieu-sach-nhoc-miko
205467,Tiệm sách Bảo Nam,https://tiki.vn/cua-hang/tiem-sach-bao-nam
121593,B and I Vietnam,https://tiki.vn/cua-hang/b-and-i-vietnam
206561,gia dụng tiện ích thái bình,https://tiki.vn/cua-hang/gia-dung-tien-ich-thai-binh
229927,Đông A Books Official,https://tiki.vn/cua-hang/dong-a-books-official
6867,SG Trading,https://tiki.vn/cua-hang/sg-trading
184663,Sách Luật Online,https://tiki.vn/cua-hang/sach-luat-online
95974,Văn phòng phẩm Vinhempich TCKT,https://tiki.vn/cua-hang/van-phong-pham-vinhempich-tckt
126428,The 1991 Book,https://tiki.vn/cua-hang/the-1991-book
171422,Van phong pham NBK,https://tiki.vn/cua-hang/van-phong-pham-nbk
111899,Sống Official,https://tiki.vn/cua-hang/abcbooks
306978,Temi Book,https://tiki.vn/cua-hang/temi-book
10684,Sbooks,https://tiki.vn/cua-hang/sbooks
344900,TruBooks,https://tiki.vn/cua-hang/trubooks
293953,DEMEDI Bookshop,https://tiki.vn/cua-hang/demedi-bookshop
124753,Hiệu Sách Tự Do,https://tiki.vn/cua-hang/hieu-sach-tu-do
250697,AN THƯ BOOK,https://tiki.vn/cua-hang/an-thu-book
286446,TIỆM SÁCH KHAI TÂM,https://tiki.vn/cua-hang/tiem-sach-khai-tam
93596,Bookstorehn247,https://tiki.vn/cua-hang/bookstorehn247
68619,FinFin,https://tiki.vn/cua-hang/finfinvn
1,Tiki Trading,https://tiki.vn/cua-hang/tiki-trading
173548,Sách Hay Cho Mọi Nhà,https://tiki.vn/cua-hang/sach-hay-cho-moi-nha-minishop
239239,Thiên Nhiên Tâm Mart,https://tiki.vn/cua-hang/thien-nhien-tam-mart
72038,BASIC STORE,https://tiki.vn/cua-hang/basic-store
78919,Cẩm Hồng Comestic,https://tiki.vn/cua-hang/cam-hong-comestic
143712,VMATs,https://tiki.vn/cua-hang/vmats
3644,Hoành Gia store,https://tiki.vn/cua-hang/hoanh-gia-store
259784,Bảo Châu Books,https://tiki.vn/cua-hang/bao-chau-books
670,Cá Chép Bookstore,https://tiki.vn/cua-hang/ca-chep-bookstore
82087,Nhà Sách Lifebooks,https://tiki.vn/cua-hang/nha-sach-lifebooks
1231,Xunhasaba Thế giới Sách Ngoại văn,https://tiki.vn/cua-hang/xunhasaba-the-gioi-sach-ngoai-van
232908,Gia dụng tiện ích HH,https://tiki.vn/cua-hang/gia-dung-tien-ich-hh
309465,HTH Shop,https://tiki.vn/cua-hang/hth-shop
183678,Phụ kiện giới trẻ,https://tiki.vn/cua-hang/phu-kien-gioi-tre
151448,Chimsedinang,https://tiki.vn/cua-hang/chimsedinang
158877,Liên Minh 1974,https://tiki.vn/cua-hang/lien-minh-1974
147223,NovaBook,https://tiki.vn/cua-hang/novabook
118231,Shop Mẹ Tí,https://tiki.vn/cua-hang/shop-me-ti
264288,Trà Đá,https://tiki.vn/cua-hang/tra-da
263635,Sunbook Store,https://tiki.vn/cua-hang/sunbook-store
56243,SOTAGO,https://tiki.vn/cua-hang/sohogo
273172,Nhà sách Cát Tường,https://tiki.vn/cua-hang/nha-sach-cat-tuong
62303,Tiệm Sách Minh Vân,https://tiki.vn/cua-hang/tiem-sach-minh-van
235631,Fastboy,https://tiki.vn/cua-hang/fastboy
335251,Phật học Thư quán,https://tiki.vn/cua-hang/phat-hoc-thu-quan
176141,Tủ Sách Của Con,https://tiki.vn/cua-hang/tu-sach-cua-con
177515,kosuytu,https://tiki.vn/cua-hang/kosuytu
324053,Nhà Sách Dalifa,https://tiki.vn/cua-hang/nha-sach-dalifa
175064,BookshopMoon,https://tiki.vn/cua-hang/bookshopmoon
978,An Lạc,https://tiki.vn/cua-hang/an-lac
109746,VinBuy,https://tiki.vn/cua-hang/vinbuy
270844,MiNaBooks,https://tiki.vn/cua-hang/minabooks
254395,THANH PHÚC SHOP,https://tiki.vn/cua-hang/thanh-phuc-shop
11448,Gigabuy,https://tiki.vn/cua-hang/gigabuy
314155,SKY SKY Shop,https://tiki.vn/cua-hang/sky-sky-shop
170925,Dtpbooks,https://tiki.vn/cua-hang/dtpbooks
34429,NewShop Official,https://tiki.vn/cua-hang/newshopvn
1565,Tri Thức Trẻ Books,https://tiki.vn/cua-hang/tri-thuc-tre-books
26874,Phương Đông Books,https://tiki.vn/cua-hang/phuong-dong-books
6818,Nhà sách Nam Việt,https://tiki.vn/cua-hang/nha-sach-nam-viet
47979,Tủ sách thiếu nhi UIH,https://tiki.vn/cua-hang/tu-sach-thieu-nhi-uih
10821,nha sach nguyet linh,https://tiki.vn/cua-hang/nha-sach-nguyet-linh
9944,Công ty TNHH dịch vụ Hà Nội Capital,https://tiki.vn/cua-hang/cong-ty-tnhh-dich-vu-ha-noi-capital
156668,Dạy Con Tri Thức,https://tiki.vn/cua-hang/day-con-tri-thuc
183311,HTH Store,https://tiki.vn/cua-hang/hth-store
208140,Hiệu sách Gen books,https://tiki.vn/cua-hang/hieu-sach-gen-books
83592,NVP,https://tiki.vn/cua-hang/nvp
172838,NhatPhatbooks,https://tiki.vn/cua-hang/nhatphatbooks
299960,Arthouse Shop,https://tiki.vn/cua-hang/arthouse-shop
342633,Quán Sách Socha,https://tiki.vn/cua-hang/quan-sach-socha
146747,Noli Handmade,https://tiki.vn/cua-hang/noli-handmade
171393,Đồ gia dụng thủ đức 85,https://tiki.vn/cua-hang/do-gia-dung-thu-duc-85
87626,Namquynhshop,https://tiki.vn/cua-hang/namquynhshop
237853,TS HCM STORE,https://tiki.vn/cua-hang/ts-hcm-store
169273,Việt Thư Books,https://tiki.vn/cua-hang/viet-thu-books
7734,NHBook,https://tiki.vn/cua-hang/nhbook
130520,Bookstore Trí Tuệ Việt,https://tiki.vn/cua-hang/bookstore-tri-tue-viet
177660,Đồ Gia Dụng Hoàng Anh,https://tiki.vn/cua-hang/do-gia-dung-hoang-anh
117328,BizUni,https://tiki.vn/cua-hang/bizuni
285428,MCBooks Sài Gòn,https://tiki.vn/cua-hang/mcbooks-sai-gon
108828,Tiện ích 1708,https://tiki.vn/cua-hang/tien-ich-1708
145814,Omega Plus Books,https://tiki.vn/cua-hang/omega-plus-books
248554,aacboks,https://tiki.vn/cua-hang/aacboks
48511,khangvietbook,https://tiki.vn/cua-hang/khangvietbook
44,Nhân Văn,https://tiki.vn/cua-hang/nhan-van
154137,Cầu Vồng Store,https://tiki.vn/cua-hang/cau-vong-store
176907,Tạp chí Forbes,https://tiki.vn/cua-hang/tap-chi-forbes
130150,Mibooks,https://tiki.vn/cua-hang/mibooks
10039,Nhà sách Nam Trung Yên,https://tiki.vn/cua-hang/nha-sach-nam-trung-yen
41568,AN HOA BOOK,https://tiki.vn/cua-hang/an-hoa-book
298600,GD Tiến Phát,https://tiki.vn/cua-hang/gd-tien-phat
7446,HappyLive,https://tiki.vn/cua-hang/happylive
127799,Đèn Pháo,https://tiki.vn/cua-hang/den-phao
239151,Happy Kids books,https://tiki.vn/cua-hang/happy-kids-books
1308,Tazano Official Store,https://tiki.vn/cua-hang/sachbanchay
185035,1980Books Official,https://tiki.vn/cua-hang/1980books-official
193489,Bách Việt Bookstore,https://tiki.vn/cua-hang/bach-viet-bookstore
215045,siêu thị gia dụng tiện ích,https://tiki.vn/cua-hang/sieu-thi-gia-dung-tien-ich
109134,Đinh Tị Books Official,https://tiki.vn/cua-hang/nha-sach-dinh-ti
175727,Nemmart,https://tiki.vn/cua-hang/nemmart
197,VIETNAMBOOK,https://tiki.vn/cua-hang/vinabook-jsc
25557,Saigon Books Official,https://tiki.vn/cua-hang/saigon-books-official
73,CDIMEX,https://tiki.vn/cua-hang/cdimex
30991,Sổ tay Self Planner,https://tiki.vn/cua-hang/mangue-handmade-shop
204329,Nhà Sách Tú Anh,https://tiki.vn/cua-hang/nha-sach-tu-anh
175953,Skybooks Official Store,https://tiki.vn/cua-hang/skybooks-official-store
291080,ShopAnZ,https://tiki.vn/cua-hang/shopanz
62437,Haidangbooks,https://tiki.vn/cua-hang/haidangbooks
342437,LÊ NGHĨA,https://tiki.vn/cua-hang/le-nghia
133753,Hy Hy Shop,https://tiki.vn/cua-hang/hy-hy-shop
141350,Tùng Phan Books,https://tiki.vn/cua-hang/polaris-academy
273880,Happy Books HCM,https://tiki.vn/cua-hang/happy-books-hcm
21989,Nhà sách Bảo Hưng,https://tiki.vn/cua-hang/4babies
291266,KandK12 Shop,https://tiki.vn/cua-hang/kandk12-shop
188804,Toy baby Alice,https://tiki.vn/cua-hang/toy-baby-alice
257236,huongbooks,https://tiki.vn/cua-hang/huongbooks
111296,Thanh Hương Books,https://tiki.vn/cua-hang/thanh-huong-books
48793,Nhà Sách Tri Văn,https://tiki.vn/cua-hang/nha-sach-tri-van
290525,Nhà Sách Sài Gòn,https://tiki.vn/cua-hang/nha-sach-sai-gon
106273,Hitech07,https://tiki.vn/cua-hang/hitech07
10914,trungthanh2018,https://tiki.vn/cua-hang/trungthanh2018
161219,Nhà Sách Trẻ Online,https://tiki.vn/cua-hang/nha-sach-tre-online
273117,Hadu Home,https://tiki.vn/cua-hang/hadu-home
3850,Sách Luật VN,https://tiki.vn/cua-hang/sach-luat-vn
177961,Kho hàng Nguyễn Thúy Sài Gòn,https://tiki.vn/cua-hang/kho-hang-nguyen-thuy-sai-gon
48197,Linchido Store,https://tiki.vn/cua-hang/linchido
101957,THAIHABOOKS,https://tiki.vn/cua-hang/thaihabooks
130137,Anh Ngữ VIVIAN,https://tiki.vn/cua-hang/anh-ngu-vivian
1419,Ez Baby,https://tiki.vn/cua-hang/ez-baby
291194,Linh Lan Books,https://tiki.vn/cua-hang/linh-lan-books
22984,Văn Phòng Phẩm Văn Phòng Xanh,https://tiki.vn/cua-hang/van-phong-pham-van-phong-xanh
247324,Cửa hàng Phương Phương,https://tiki.vn/cua-hang/cua-hang-phuong-phuong
262452,Vizibook,https://tiki.vn/cua-hang/vizibook
57515,Văn Phòng Phẩm Hồng Hà Official,https://tiki.vn/cua-hang/van-phong-pham-hong-ha-official
79981,Bookstores,https://tiki.vn/cua-hang/bookstores
65806,Nhà sách Ánh Dương,https://tiki.vn/cua-hang/nha-sach-anh-duong
191455,Tiệm Sách Kén Nhỏ,https://tiki.vn/cua-hang/tiem-sach-ken-nho
5578,SCC Group,https://tiki.vn/cua-hang/scc-group
217563,Casa Sunshine,https://tiki.vn/cua-hang/casa-sunshine
291107,An Vy store,https://tiki.vn/cua-hang/an-vy-store
12954,MCBooks,https://tiki.vn/cua-hang/mcbooks
113115,Deli Official Store,https://tiki.vn/cua-hang/deli-official-store
96,Tân Việt,https://tiki.vn/cua-hang/tan-viet
192558,Thư Quán Hạnh Phúc,https://tiki.vn/cua-hang/thu-quan-hanh-phuc
138545,Tủ Sách Nhỏ,https://tiki.vn/cua-hang/tu-sach-nho
227145,CỦ SU HÀO,https://tiki.vn/cua-hang/cu-su-hao
272268,Gooda Official,https://tiki.vn/cua-hang/gooda-official
116426,Phúc Minh Books,https://tiki.vn/cua-hang/phuc-minh-books
21959,GREPACO,https://tiki.vn/cua-hang/grepacobags
146243,ETS Books,https://tiki.vn/cua-hang/ets-books
291297,FroodQ2,https://tiki.vn/cua-hang/froodq2
119791,Ngochy,https://tiki.vn/cua-hang/ngochy
10511,Geta,https://tiki.vn/cua-hang/geta
262105,Homecare247,https://tiki.vn/cua-hang/homecare247
326534,SÁCH ĐẠI NAM,https://tiki.vn/cua-hang/sach-dai-nam
57650,Nhà sách Mạnh Hùng,https://tiki.vn/cua-hang/nha-sach-manh-hung
6351,Siêu Thị Linh Kiện,https://tiki.vn/cua-hang/sieu-thi-linh-kien
1686,TAKI,https://tiki.vn/cua-hang/taki
179295,Quangvanbooks,https://tiki.vn/cua-hang/quangvanbooks
163106,TTR Next Generation,https://tiki.vn/cua-hang/ttr-next-generation
202931,Sách Cánh Diều,https://tiki.vn/cua-hang/sach-canh-dieu
28867,vanphongphamgat,https://tiki.vn/cua-hang/vanphongphamgat
53660,Nhà sách Fahasa,https://tiki.vn/cua-hang/nha-sach-fahasa
135036,MEGABOOK,https://tiki.vn/cua-hang/megabook
256173,Thiện Ngôn Book,https://tiki.vn/cua-hang/thien-ngon-book
156095,HaAnBooks,https://tiki.vn/cua-hang/haanbooks
164136,BOOKS CITY,https://tiki.vn/cua-hang/books-city
212853,GIA DỤNG AN TÂM,https://tiki.vn/cua-hang/gia-dung-an-tam
135715,Shop60s,https://tiki.vn/cua-hang/shop60s
164156,TYMBooks,https://tiki.vn/cua-hang/tymbooks
24129,SusuFamily,https://tiki.vn/cua-hang/susufamily
273327,Gia dụng thông minh HH,https://tiki.vn/cua-hang/gia-dung-thong-minh-hh
302285,MODDA,https://tiki.vn/cua-hang/modda
28122,shopthoitranganhnguyen,https://tiki.vn/cua-hang/shopthoitranganhnguyen
280721,Gia Dụng Phúc Thanh,https://tiki.vn/cua-hang/gia-dung-phuc-thanh
182076,Minh Khang Books,https://tiki.vn/cua-hang/minh-khang-books
116922,TUANVIET BOOKS Official Store,https://tiki.vn/cua-hang/in-tuan-viet
131057,SHOP EDU,https://tiki.vn/cua-hang/shop-edu
9988,AHABOOKS,https://tiki.vn/cua-hang/ahabooks
77878,ABon Shop,https://tiki.vn/cua-hang/abon-shop
206733,BaoAn Home,https://tiki.vn/cua-hang/baoan-home
140258,vpp chợ lớn,https://tiki.vn/cua-hang/vpp-cho-lon
162387,MẸ VIỆT SHOP HN,https://tiki.vn/cua-hang/me-viet-shop-hn
264333,Sách Doanh Nhân,https://tiki.vn/cua-hang/sach-doanh-nhan
178111,The Book Store,https://tiki.vn/cua-hang/the-book-store
